"","q24r1","q24r2","q24r3","q25r1","q25r2","q25r3","q26r3","q26r4","q26r5"
"1853",2,3,1,1,1,3,4,1,1
"1097",5,1,2,3,3,2,4,3,3
"65",6,1,1,2,3,3,2,5,4
"1762",4,3,3,2,2,2,2,3,4
"1016",2,1,2,3,3,3,2,4,4
"1511",1,5,5,4,3,1,3,2,3
"1404",4,4,3,3,3,3,4,5,3
"1027",4,1,1,5,3,2,1,2,2
"729",5,1,2,3,3,2,3,6,4
"751",3,3,3,2,2,2,1,1,2
"121",4,1,2,2,2,2,1,2,4
"628",6,1,1,1,1,1,2,4,2
"2117",2,1,2,1,1,1,2,2,1
"1317",4,2,2,3,1,3,2,4,5
"1349",5,2,1,1,2,1,3,3,4
"277",3,1,2,2,3,2,2,4,3
"1891",1,1,1,1,2,1,1,5,1
"2139",4,2,5,2,2,3,4,2,2
"1112",1,1,1,3,1,2,3,3,4
"1861",4,2,2,3,3,2,2,2,2
"908",1,1,1,1,3,1,5,2,2
"1345",6,2,2,1,2,1,1,2,2
"2030",6,3,6,5,6,6,2,2,5
"1449",3,2,2,3,3,3,3,4,4
"2310",2,2,3,2,3,2,2,2,3
"420",3,2,1,2,4,2,4,3,3
"431",1,1,1,1,1,1,1,1,1
"550",3,3,2,6,6,2,1,1,6
"2146",3,3,3,3,3,3,3,2,2
"256",3,1,2,4,1,1,3,4,3
"2329",4,2,4,2,2,2,2,2,2
"1833",3,1,2,1,1,1,1,3,3
"720",4,2,2,3,3,4,3,2,2
"1230",2,1,1,4,3,3,1,3,4
"139",1,1,1,1,6,6,6,1,6
"1099",1,1,1,2,1,1,2,3,2
"1397",1,1,2,3,3,2,1,2,3
"1378",5,1,3,2,1,3,2,1,3
"2109",3,1,2,2,2,1,1,4,3
"2307",3,2,2,3,4,4,1,3,3
"1103",6,1,1,2,4,2,3,5,3
"610",4,1,2,1,2,1,5,2,1
"1543",5,1,3,2,2,1,5,3,6
"1373",4,1,3,3,4,2,3,3,5
"1375",1,1,1,1,3,1,2,1,3
"1428",3,3,5,2,2,1,3,4,4
"2242",3,2,6,2,3,2,1,1,2
"1588",4,1,2,3,2,3,2,4,4
"1193",4,1,4,3,3,3,2,4,5
"1553",3,1,2,1,2,2,2,5,4
"568",2,1,1,3,6,3,1,6,3
"1731",5,1,1,1,1,2,2,2,5
"1860",4,1,2,1,3,3,1,5,3
"163",4,3,3,2,2,4,3,2,3
"24",4,1,6,2,4,3,1,4,4
"2347",4,1,1,2,2,2,1,2,2
"493",4,3,4,3,3,3,3,4,4
"306",3,2,1,4,3,2,1,3,4
"862",5,2,2,2,2,3,1,2,3
"413",3,1,6,1,1,1,1,1,1
"616",1,1,1,1,1,1,1,1,1
"1074",2,2,2,4,4,2,1,2,4
"1114",5,2,3,4,4,3,4,3,2
"1031",5,1,1,2,2,2,2,2,2
"12",2,1,1,3,2,1,4,3,3
"1245",1,1,1,1,1,1,1,3,1
"1354",1,1,3,4,2,2,3,5,5
"710",2,3,2,2,1,2,2,1,2
"530",2,1,4,1,1,1,1,4,1
"1663",5,1,1,2,2,2,1,4,3
"1564",3,1,1,1,3,2,4,1,2
"2382",5,2,2,4,4,2,3,3,5
"1289",1,1,6,4,6,3,1,6,6
"1248",5,3,6,3,3,3,3,4,3
"1687",3,1,1,3,5,2,1,3,2
"2123",2,2,3,5,3,3,3,3,3
"999",5,2,6,2,1,4,1,3,6
"852",2,2,2,1,1,2,6,6,6
"31",2,1,1,1,4,1,1,1,1
"245",4,3,4,4,3,3,4,4,4
"1138",3,2,2,3,3,2,4,3,3
"646",5,5,1,4,4,2,2,5,5
"453",2,2,2,4,3,2,3,3,4
"842",6,1,1,1,2,1,1,4,3
"1162",3,1,2,3,4,3,2,2,4
"2225",3,2,1,4,3,3,1,1,2
"2078",5,2,2,6,4,3,3,5,3
"519",3,4,3,4,2,3,4,3,5
"1572",3,1,1,3,2,3,3,3,3
"1755",4,2,1,1,1,2,2,2,3
"2038",3,1,3,4,4,3,2,4,6
"1611",5,3,5,2,2,2,3,4,4
"1091",2,2,4,1,2,1,3,2,3
"269",3,1,1,2,2,2,1,1,1
"1371",4,2,2,3,2,1,1,2,4
"1576",3,1,1,5,4,3,1,1,3
"324",4,1,1,1,3,1,1,2,2
"1390",2,2,2,2,1,2,2,5,2
"133",1,1,1,1,1,2,1,1,2
"2006",5,2,3,1,1,1,5,3,6
"2224",2,1,3,2,1,3,2,2,4
"1530",3,2,3,3,3,3,2,4,3
"989",2,2,2,2,2,2,1,3,2
"596",1,1,2,1,1,1,2,1,2
"1312",2,2,3,3,3,3,2,4,3
"1608",1,1,4,2,2,1,1,1,3
"2282",3,2,2,2,3,3,3,4,2
"1049",1,1,1,2,2,2,2,4,3
"1110",2,2,2,1,1,2,3,4,2
"437",5,5,5,6,2,2,2,5,5
"2176",1,1,1,1,1,1,1,1,1
"792",3,3,3,3,3,3,3,3,3
"1329",4,1,1,2,2,2,6,5,5
"2053",5,1,1,3,3,3,3,4,4
"1149",1,2,2,1,4,3,2,2,2
"767",1,1,1,1,1,1,1,1,1
"1000",2,1,2,2,3,3,1,1,1
"1882",1,1,1,3,2,2,2,2,3
"1330",5,1,1,2,1,2,4,4,3
"1603",3,1,6,1,2,1,4,3,5
"567",2,1,3,1,2,2,2,1,3
"2227",2,1,1,2,2,1,2,2,3
"483",4,3,6,3,4,4,3,4,3
"1771",3,1,2,3,2,1,3,4,2
"145",1,1,1,3,6,3,2,5,3
"1021",5,1,1,2,3,3,2,4,4
"740",2,1,1,2,3,2,2,2,2
"535",5,1,6,4,4,5,4,3,5
"1830",4,4,4,3,6,2,1,6,6
"547",5,1,1,3,2,1,1,4,3
"2013",3,1,1,2,1,1,1,3,3
"776",5,1,1,5,2,5,3,3,1
"704",3,2,1,3,4,3,3,4,3
"1932",6,2,5,2,6,2,3,2,5
"1464",5,3,1,3,2,3,3,6,3
"298",4,2,3,3,3,4,4,4,4
"500",2,2,5,3,2,2,2,4,4
"688",6,1,1,3,4,2,1,4,3
"1715",6,1,3,3,4,1,1,1,5
"1408",6,1,1,2,2,2,2,1,6
"1164",1,1,1,1,1,1,1,1,1
"266",3,3,3,1,1,2,1,2,2
"142",6,2,2,2,1,1,1,3,1
"1438",5,2,3,2,3,2,3,3,2
"8",4,1,3,2,2,2,1,2,3
"870",3,1,1,1,1,1,3,1,3
"114",1,1,3,2,3,2,1,4,3
"1674",5,1,1,1,1,2,1,2,3
"1698",5,1,1,3,1,1,1,3,1
"2040",4,1,1,2,2,3,2,3,2
"514",2,1,2,1,1,1,2,1,1
"687",2,1,2,2,3,1,2,3,4
"88",1,3,4,1,2,1,2,5,4
"320",4,1,1,1,1,1,1,1,4
"2125",3,3,1,4,5,4,2,5,5
"1083",1,1,1,1,1,1,1,1,1
"2095",4,1,1,1,2,1,1,1,1
"1906",5,1,3,3,3,3,3,4,3
"480",3,3,1,2,2,1,1,2,1
"777",3,1,2,3,2,2,2,3,1
"1143",1,1,1,3,1,2,1,3,2
"135",3,1,1,2,1,3,1,3,4
"641",2,2,1,2,2,3,1,3,5
"505",2,3,3,2,2,2,3,2,3
"1458",5,3,3,5,5,3,3,5,5
"1088",2,1,1,2,3,1,1,1,3
"1909",4,2,2,2,3,3,3,4,5
"1353",1,1,1,1,1,1,1,2,2
"364",6,2,5,3,5,2,2,3,4
"1557",2,2,2,3,3,3,1,3,3
"2246",4,2,3,3,3,3,2,3,3
"1325",5,1,1,1,1,1,1,5,3
"1421",3,1,1,1,2,1,3,1,3
"1642",4,3,3,4,4,4,3,2,3
"2297",3,2,2,5,3,3,2,2,3
"2322",3,4,3,4,5,1,4,1,5
"1779",3,1,1,1,2,2,1,4,4
"2264",4,1,1,1,1,1,1,1,4
"2312",1,1,1,1,1,1,1,1,1
"2180",1,2,2,2,1,3,3,1,2
"931",6,3,5,3,2,1,4,4,4
"263",4,2,1,3,4,3,3,4,3
"1778",1,1,6,1,2,1,1,5,3
"35",2,3,3,5,2,3,2,2,2
"887",1,1,2,1,2,2,1,2,1
"110",4,2,2,4,4,2,1,3,3
"262",1,1,1,4,4,4,2,6,2
"910",2,2,2,2,2,2,4,3,3
"1023",1,1,2,2,3,2,1,2,1
"679",2,1,1,3,6,3,4,6,2
"797",6,1,3,4,2,3,1,2,5
"2074",1,1,1,3,4,1,1,1,1
"23",2,2,2,2,3,3,3,2,3
"361",2,3,2,1,1,2,2,1,3
"2160",3,1,1,5,3,2,2,6,1
"565",2,2,1,3,4,2,1,3,3
"2386",4,2,3,2,1,3,2,1,1
"1287",1,1,4,1,2,1,2,1,2
"2076",5,1,2,3,4,2,3,4,4
"1581",2,2,5,2,4,2,4,2,4
"1720",6,1,1,1,1,3,3,3,3
"1340",3,1,2,1,1,2,2,3,3
"1500",5,2,2,2,2,4,3,3,3
"1476",3,1,1,2,1,1,1,1,1
"215",4,1,1,3,3,4,1,3,3
"1435",3,1,1,1,1,1,2,1,2
"2208",2,2,2,2,1,1,2,1,1
"72",4,3,4,3,3,2,2,4,2
"975",2,1,1,2,1,3,2,5,2
"763",5,1,6,2,2,2,2,4,3
"1960",1,1,1,1,4,1,1,4,1
"1171",1,2,6,5,4,5,2,4,2
"2374",4,2,3,3,3,2,3,3,3
"1842",4,2,1,3,2,1,5,3,6
"1785",1,1,1,2,3,2,2,4,4
"1700",5,1,2,2,3,1,2,3,3
"2255",3,1,3,2,1,4,3,2,2
"1529",1,1,1,1,1,1,1,1,3
"2035",5,2,5,1,1,2,2,5,5
"771",1,1,2,1,1,1,2,2,4
"993",3,3,3,2,3,3,3,3,2
"1571",2,5,5,3,3,2,3,5,5
"1691",4,1,1,3,4,4,1,3,3
"230",1,1,1,1,1,1,1,1,1
"2091",4,1,2,3,3,3,2,5,5
"2360",3,2,3,2,2,3,1,1,3
"2183",5,2,6,4,4,4,3,6,6
"1689",3,3,1,1,1,1,1,1,4
"591",1,1,1,1,1,1,1,1,5
"1071",2,2,2,2,2,3,2,4,3
"2353",3,3,3,3,3,3,3,2,3
"1217",5,3,4,3,3,3,3,4,3
"180",5,1,2,1,2,1,2,2,3
"1998",3,1,2,1,3,2,2,3,4
"1613",2,2,2,2,2,2,4,3,4
"800",4,2,2,2,4,4,4,3,3
"430",5,2,5,2,3,3,3,3,3
"240",3,1,3,2,2,2,3,3,4
"680",5,3,3,4,4,3,3,5,3
"15",6,1,1,4,4,2,1,5,4
"1589",5,1,2,3,3,3,2,4,3
"414",6,2,5,3,3,3,3,6,5
"44",5,4,3,4,3,5,4,2,5
"1843",1,1,1,1,1,1,1,3,3
"355",2,2,6,3,2,5,1,1,5
"214",2,2,2,2,2,2,2,2,2
"243",6,1,1,6,6,6,6,6,6
"267",6,5,4,4,5,2,5,1,4
"2069",3,1,2,3,4,3,2,3,4
"625",2,1,2,2,2,1,1,2,2
"1829",4,1,1,4,4,3,4,5,4
"1450",3,2,3,2,3,1,3,4,4
"714",2,1,1,1,4,1,1,1,1
"1528",2,1,1,1,4,1,1,3,6
"1533",4,1,4,4,3,4,2,4,4
"1671",1,1,1,3,2,3,2,3,4
"1047",5,2,1,3,2,2,1,2,5
"492",3,1,2,1,1,1,2,3,4
"1870",1,1,1,1,1,1,1,1,1
"1527",2,1,3,3,3,1,1,1,4
"1418",2,2,4,3,2,2,2,4,2
"404",2,2,2,3,2,2,2,3,3
"274",4,1,3,1,1,1,2,4,5
"2260",1,1,1,1,1,1,1,1,1
"1794",3,1,1,3,2,2,1,4,5
"1954",2,1,2,3,3,1,4,2,4
"1536",1,1,1,5,3,3,4,3,3
"1314",4,2,1,3,1,2,1,4,1
"36",5,1,1,3,3,2,1,3,5
"1009",2,2,6,4,2,2,2,2,3
"2252",5,3,3,4,3,2,2,5,4
"1545",6,1,1,3,4,2,2,3,2
"1921",3,3,3,3,3,3,3,3,3
"442",2,1,1,3,4,5,3,2,5
"799",4,1,1,1,1,1,3,2,2
"1640",3,3,2,3,3,2,3,3,4
"2221",4,4,6,1,5,5,1,6,1
"1286",3,1,1,1,1,1,4,5,4
"1648",5,2,2,2,4,2,3,4,4
"1264",5,1,1,2,1,3,1,3,2
"1368",2,3,5,4,3,1,3,6,4
"1987",5,2,1,3,3,3,2,3,3
"1184",6,1,1,2,2,2,1,1,3
"2081",6,1,1,1,1,1,1,2,3
"411",1,1,1,1,1,1,1,1,6
"1122",6,3,4,2,2,2,2,2,3
"1185",1,1,1,1,1,1,1,1,1
"1684",3,1,1,2,6,3,6,3,3
"1269",4,2,1,2,3,2,2,3,2
"323",1,2,1,2,2,1,2,2,1
"1017",5,6,5,3,4,2,6,1,3
"5",3,2,2,3,3,3,2,3,3
"753",6,1,1,1,1,1,2,2,2
"285",4,3,3,3,3,1,1,3,3
"1202",4,3,4,3,3,3,4,4,4
"1951",4,2,2,3,3,3,5,4,3
"1646",3,1,1,1,2,1,2,5,6
"2022",1,1,1,1,1,1,1,2,3
"99",2,2,4,4,1,2,4,3,3
"216",3,1,2,1,2,1,1,2,1
"676",4,1,1,3,2,2,2,3,4
"2366",2,3,2,1,3,3,2,2,1
"196",4,2,2,3,3,3,4,3,3
"282",4,1,1,1,1,1,2,1,4
"725",1,2,2,1,3,2,2,2,1
"182",5,1,1,1,1,1,4,3,3
"1662",1,1,1,1,1,1,1,4,3
"566",3,3,5,4,5,5,3,6,5
"2135",3,1,1,2,3,3,3,4,4
"2151",1,1,1,2,2,1,2,2,2
"2164",4,3,3,3,4,3,3,4,4
"1970",5,1,2,3,2,2,1,5,3
"711",2,1,1,1,1,1,2,2,4
"393",5,1,6,5,5,4,5,6,5
"570",5,3,2,4,6,6,4,6,3
"2351",2,1,1,1,4,2,2,2,1
"731",4,2,3,2,1,2,4,4,5
"1344",4,1,3,1,1,1,1,2,2
"2065",4,2,1,1,1,1,1,1,1
"689",1,1,1,1,2,1,2,1,1
"1782",3,1,4,2,2,2,3,5,3
"381",3,3,3,4,4,4,4,4,4
"201",5,1,2,1,3,2,1,3,3
"2375",4,5,4,5,5,5,5,5,5
"575",5,4,2,4,3,3,3,1,4
"905",3,3,6,5,3,4,3,3,3
"2051",4,2,3,3,3,2,3,1,3
"2232",3,2,2,2,2,3,2,3,3
"1178",3,1,5,3,5,1,6,6,6
"1028",2,2,2,2,3,2,3,2,2
"1643",3,1,2,1,2,1,1,3,3
"1552",2,1,1,2,2,2,1,3,4
"1076",1,1,1,1,1,1,2,1,1
"1694",3,2,4,3,3,3,3,4,5
"18",4,1,6,1,3,2,3,4,3
"1144",3,3,5,4,4,4,3,3,3
"1283",4,1,1,1,5,3,5,5,5
"538",1,1,1,1,2,1,1,2,2
"937",1,1,1,1,1,1,1,1,1
"1377",4,1,1,4,3,3,3,2,4
"93",2,1,1,3,2,2,1,3,4
"107",1,1,1,3,1,1,1,1,1
"992",1,1,1,1,1,1,1,1,1
"1347",5,1,3,3,1,3,1,3,4
"2338",2,2,2,3,3,3,2,2,2
"348",5,1,2,2,2,1,1,1,2
"239",4,4,4,3,3,2,5,5,5
"1180",2,1,1,1,2,3,1,3,1
"450",1,1,1,3,1,1,4,1,1
"1862",2,2,3,3,3,3,3,3,3
"2086",2,1,1,3,5,3,1,3,3
"1874",5,1,1,1,2,2,4,2,3
"290",6,1,1,2,2,3,2,3,4
"2070",2,1,1,2,2,2,2,2,3
"98",4,2,2,3,3,4,2,3,3
"1342",4,3,3,1,1,3,4,3,3
"599",6,1,6,1,3,1,1,1,3
"2303",3,1,2,2,2,1,1,2,2
"1814",5,2,3,1,2,2,1,3,3
"1008",4,2,6,2,2,3,3,5,3
"339",6,1,1,1,1,1,1,2,2
"1704",5,1,2,1,2,1,1,3,5
"1895",5,1,1,4,2,3,3,4,3
"1863",2,1,1,2,2,2,1,3,3
"95",3,1,1,2,2,2,3,3,4
"859",3,1,1,2,1,1,3,2,2
"313",1,1,1,2,2,2,1,5,3
"1030",1,1,1,1,1,1,1,4,3
"721",3,2,2,1,4,4,4,2,3
"521",1,1,2,4,2,5,3,4,5
"2020",5,1,1,2,2,2,4,4,4
"1109",4,1,1,5,1,2,1,1,5
"1320",5,2,1,2,3,5,5,3,5
"1981",1,1,3,1,1,1,2,3,3
"518",5,1,1,2,4,1,1,2,1
"1229",2,3,3,3,2,1,5,5,5
"996",3,2,3,3,3,2,1,4,2
"1319",2,2,1,3,4,4,2,3,3
"1461",1,1,1,1,1,1,3,5,5
"552",1,1,1,1,1,1,1,1,1
"1490",5,1,1,2,5,2,1,6,1
"1324",2,1,1,1,2,2,2,3,2
"1265",2,2,4,6,5,3,2,3,3
"2281",4,1,3,2,2,2,3,2,4
"315",5,2,3,2,2,3,1,2,3
"2042",2,1,1,1,1,1,1,2,3
"804",3,3,3,3,3,3,3,3,3
"1577",4,2,3,2,2,2,4,4,3
"436",5,2,2,2,2,3,4,2,2
"2178",3,2,3,3,3,2,3,3,4
"2075",3,1,3,4,3,3,3,3,5
"1308",6,1,1,1,1,1,1,5,1
"1316",3,1,1,1,3,2,3,5,3
"1946",6,3,3,6,6,6,6,6,6
"349",6,1,2,2,1,2,1,4,3
"1837",6,1,1,1,1,1,3,3,5
"2285",3,1,1,4,4,3,2,1,1
"841",5,1,1,3,4,2,1,3,4
"1803",4,2,3,2,1,1,2,1,3
"2265",1,1,1,4,4,3,1,3,2
"153",3,1,3,5,5,4,1,4,3
"772",2,4,5,5,5,5,4,4,4
"268",5,1,2,2,4,2,1,3,2
"28",3,1,1,3,5,3,2,5,5
"2211",3,1,2,2,2,3,2,1,2
"311",3,2,1,3,3,3,4,3,2
"42",1,1,1,3,2,1,1,1,1
"2008",5,2,4,3,2,3,2,3,4
"1115",3,1,1,1,1,2,1,1,1
"1246",6,1,1,5,3,2,1,4,5
"382",3,3,4,3,4,4,3,4,3
"786",2,1,1,1,1,1,1,1,3
"1038",3,3,3,3,3,3,3,3,3
"428",3,3,3,3,3,3,3,3,3
"829",5,1,1,1,1,1,1,1,1
"1220",6,4,2,2,1,1,2,2,3
"1095",6,5,2,3,1,1,1,2,2
"634",2,1,1,2,2,2,3,3,2
"105",1,1,1,1,1,1,1,1,2
"1036",1,1,1,1,1,1,4,1,3
"45",1,1,1,1,1,1,3,3,3
"472",1,1,1,2,1,1,2,1,2
"1370",6,6,6,6,6,4,1,4,6
"417",3,4,4,3,3,4,3,3,4
"1832",3,2,1,3,1,2,2,3,4
"353",1,1,1,1,2,2,3,2,2
"1744",6,1,1,1,1,1,1,2,1
"941",2,1,1,1,1,1,1,1,2
"2286",3,1,1,2,2,1,3,2,3
"824",3,3,4,4,4,4,3,4,4
"765",6,1,2,2,5,3,1,5,4
"1791",2,1,1,1,5,1,1,3,3
"1905",1,1,6,3,4,1,3,6,4
"1292",5,2,3,2,2,3,4,6,5
"1170",1,1,5,2,2,2,2,2,2
"1910",6,1,5,3,4,2,1,5,2
"555",1,1,1,1,1,1,1,1,1
"2280",2,2,2,2,2,2,2,2,3
"1127",2,1,2,4,1,1,3,3,2
"217",3,1,2,1,1,1,3,4,2
"1011",4,2,2,3,4,2,1,2,3
"589",3,3,3,3,3,3,3,2,3
"1524",5,1,1,1,4,2,5,5,5
"2294",2,1,5,2,4,6,4,5,1
"1261",1,1,2,1,6,1,1,1,1
"385",6,1,3,1,1,1,1,1,1
"2048",5,1,1,2,2,1,2,3,3
"1196",3,1,1,2,1,2,1,2,3
"2126",2,1,3,4,3,4,3,3,3
"833",6,1,2,3,3,2,2,5,4
"2045",1,1,1,2,3,2,2,3,2
"358",6,2,1,6,3,2,6,2,6
"33",6,1,3,2,2,2,1,5,4
"548",4,2,3,1,1,3,1,4,2
"2094",6,3,6,2,4,2,1,5,3
"1828",5,1,2,2,2,2,3,3,5
"308",1,1,1,3,2,2,2,3,2
"883",2,2,2,2,2,2,2,2,2
"103",4,1,1,4,4,4,3,3,2
"334",3,1,2,3,3,2,2,3,2
"2083",2,1,1,2,1,3,1,2,2
"61",2,2,1,3,2,3,2,2,2
"2060",5,3,6,4,6,6,1,6,3
"295",5,1,2,2,2,2,1,1,5
"1062",2,2,1,4,3,1,3,4,3
"470",2,2,2,4,3,3,2,6,3
"636",5,2,3,3,2,3,2,2,3
"678",5,1,2,2,3,2,2,2,3
"389",2,1,5,3,5,2,1,4,2
"2079",6,1,2,1,1,1,2,4,6
"1809",3,1,1,4,3,3,2,2,2
"949",2,1,1,2,1,2,3,3,6
"562",5,2,2,3,4,1,1,4,5
"1835",3,1,1,1,1,3,1,1,1
"1477",4,2,3,3,2,4,2,4,5
"1518",6,1,1,1,1,1,1,2,3
"814",2,1,1,2,1,1,1,2,1
"757",4,5,2,2,3,2,3,5,3
"2056",2,1,5,2,4,2,1,5,3
"1658",3,1,1,1,1,1,1,1,1
"1953",3,1,1,2,3,3,5,5,5
"1884",2,3,6,3,2,2,3,3,3
"1296",1,3,1,1,1,1,3,3,3
"684",3,3,3,3,3,4,3,4,4
"593",2,2,2,3,3,3,3,3,3
"1498",3,2,2,3,3,2,2,4,4
"1439",5,1,2,3,3,4,3,5,5
"87",5,2,6,3,3,3,3,3,3
"2335",2,1,2,3,3,2,1,1,1
"2364",6,5,2,2,2,1,1,3,6
"1140",5,2,3,3,2,3,3,3,3
"388",2,4,5,2,3,3,1,3,2
"1918",4,3,3,3,1,3,3,5,4
"377",3,1,1,3,1,3,3,5,3
"463",4,1,2,3,3,2,1,3,4
"1431",5,1,3,2,3,2,4,5,3
"1826",2,1,1,2,1,1,1,1,4
"933",4,3,3,3,3,3,3,4,2
"549",2,3,1,2,3,2,2,2,1
"1436",2,3,4,3,3,3,2,6,3
"1417",3,1,1,3,3,3,2,3,5
"907",3,1,2,1,1,1,2,3,2
"1917",1,1,1,2,2,3,1,6,6
"672",1,4,4,1,1,1,2,3,1
"1063",2,1,4,2,1,4,2,6,4
"913",1,1,2,2,3,1,1,3,1
"1633",3,2,4,2,2,2,2,2,3
"1507",3,1,1,1,3,1,1,4,3
"921",5,1,5,1,2,1,1,5,1
"1784",5,3,3,2,2,3,4,4,4
"707",3,3,2,1,1,1,4,4,4
"1504",1,1,1,4,2,3,1,2,2
"1801",1,1,1,2,3,1,5,3,3
"1985",6,1,2,2,1,3,6,6,4
"2000",5,2,2,2,2,2,2,2,3
"478",5,1,1,1,1,1,2,3,3
"1636",4,2,3,2,3,2,4,4,4
"2392",1,1,3,1,1,1,1,1,1
"1221",4,3,3,2,3,2,4,3,2
"750",3,2,3,3,3,3,2,3,3
"1411",5,1,2,1,3,2,2,3,5
"1606",6,2,5,2,4,5,4,5,5
"1399",2,2,2,2,5,2,3,5,2
"903",3,1,1,2,3,1,1,4,1
"1015",5,1,4,2,1,4,2,6,6
"1562",4,2,2,3,3,3,4,6,4
"2389",3,3,1,4,3,3,4,2,4
"1240",5,2,1,5,5,3,3,5,5
"425",3,1,2,4,5,3,1,3,4
"302",2,1,2,1,4,2,4,5,2
"2084",6,2,1,2,3,2,2,3,2
"773",5,1,1,5,5,3,3,5,6
"1756",2,2,1,1,1,1,2,2,1
"525",1,1,1,2,2,5,1,2,3
"1441",1,1,1,2,1,2,2,3,3
"1306",5,1,3,1,1,1,6,3,2
"2354",3,3,1,3,3,2,3,2,3
"2150",3,1,1,4,3,1,2,2,2
"330",1,1,1,2,2,2,2,2,2
"834",4,3,4,4,4,3,1,3,5
"1908",3,1,2,1,2,2,2,4,3
"427",3,3,2,2,3,4,3,2,4
"1542",2,2,1,3,5,4,3,5,3
"1200",3,1,2,3,2,3,2,3,6
"979",1,1,1,1,1,1,1,1,1
"416",1,1,2,1,1,2,1,4,1
"935",1,2,2,2,2,3,1,3,2
"1513",2,2,2,3,2,2,1,2,3
"2196",1,1,1,1,2,2,2,2,1
"1242",2,1,3,2,1,2,2,2,2
"1598",4,3,1,3,3,3,2,5,5
"272",1,1,4,4,5,2,3,5,3
"1783",2,2,6,3,2,2,5,6,5
"1253",3,3,3,2,3,3,2,3,5
"746",1,1,1,1,1,1,3,3,3
"258",3,2,3,4,3,4,5,6,5
"378",3,1,1,3,4,4,4,3,5
"851",2,2,2,3,3,3,2,2,2
"111",3,3,4,1,2,6,6,6,4
"1188",5,2,3,2,2,2,3,2,2
"554",2,1,2,2,5,3,2,3,5
"532",3,2,2,4,4,1,2,3,3
"784",1,1,1,1,1,1,3,3,3
"791",3,1,1,3,2,1,4,2,2
"1123",5,1,4,5,6,2,4,4,6
"305",1,1,1,1,6,1,2,1,4
"1897",3,1,1,2,2,2,2,3,2
"1145",3,1,2,1,2,3,2,4,2
"828",3,1,2,4,4,3,2,4,3
"167",2,1,1,2,2,1,1,3,2
"844",3,1,1,1,1,2,3,4,5
"556",1,1,1,1,2,2,1,2,3
"1668",6,1,1,2,1,2,1,4,4
"247",4,1,2,2,1,3,1,3,4
"1414",3,3,6,2,2,2,3,3,3
"963",1,1,1,1,1,1,1,1,2
"1976",2,2,3,3,2,2,2,4,3
"2267",5,1,1,4,4,2,3,3,2
"1792",1,1,1,1,1,1,3,1,1
"347",5,2,6,5,3,4,1,1,6
"2275",1,2,1,1,2,2,1,2,1
"1120",1,1,1,1,1,1,1,1,1
"326",4,2,3,2,3,3,3,3,3
"1685",6,1,1,4,3,2,1,3,3
"1827",1,1,1,5,3,4,2,3,3
"919",1,1,1,3,2,3,3,1,4
"275",5,2,2,2,5,3,2,3,4
"1034",3,1,1,3,3,3,2,3,1
"940",5,1,5,4,4,3,3,4,5
"512",2,4,1,2,3,2,3,2,2
"249",4,2,4,1,6,5,2,5,1
"545",1,1,6,1,3,6,2,2,6
"698",3,1,2,2,2,1,2,5,4
"141",5,2,3,5,3,3,2,5,5
"2080",2,1,1,4,3,3,2,2,2
"294",1,1,1,3,2,2,1,1,3
"439",3,3,2,3,2,3,3,3,2
"390",2,1,1,2,1,1,1,2,1
"332",5,4,4,1,1,1,1,1,2
"1260",1,1,1,4,2,3,1,1,5
"1510",4,1,3,2,3,3,4,3,6
"960",4,1,3,3,3,3,3,3,3
"1394",4,1,1,3,3,5,2,3,2
"1336",1,4,4,4,5,5,2,4,2
"1901",3,1,2,2,2,2,1,5,5
"741",1,1,1,2,1,1,2,2,2
"370",2,2,1,1,1,2,1,1,1
"2014",1,5,5,5,5,5,5,5,5
"1931",1,1,1,1,1,1,1,2,1
"2368",6,1,4,1,4,6,2,4,3
"1288",3,1,1,1,1,1,1,2,3
"1750",6,1,1,1,1,1,2,3,3
"1732",3,1,1,2,2,1,1,4,2
"2296",3,1,1,3,2,2,2,1,3
"6",3,3,3,3,2,3,2,1,4
"2237",2,1,1,1,1,1,3,3,3
"640",5,5,6,1,3,1,3,1,1
"1323",3,3,3,3,3,3,3,4,3
"508",2,1,3,3,2,2,1,3,4
"106",3,2,2,4,4,2,3,2,3
"502",2,1,3,2,2,2,2,4,2
"2041",3,2,4,4,3,2,1,6,4
"1176",2,2,3,4,4,4,2,4,3
"1736",6,3,6,3,3,3,2,6,2
"1307",1,1,1,1,1,1,1,1,1
"1158",5,1,2,4,5,4,1,1,5
"1722",4,1,3,4,3,4,2,4,2
"950",5,2,2,4,5,3,3,4,2
"244",2,2,2,2,1,1,2,2,4
"670",1,1,1,3,2,4,1,3,3
"2243",2,3,3,2,2,2,1,2,1
"1241",4,1,2,2,1,2,1,3,5
"418",3,3,3,4,2,2,3,3,3
"1080",6,2,2,2,2,2,3,4,3
"1488",4,2,2,4,3,3,2,1,3
"976",4,1,1,3,5,4,1,4,3
"1660",5,2,3,4,1,1,3,1,5
"1040",4,1,1,2,2,2,2,4,2
"2152",6,1,1,1,1,1,1,3,1
"2018",2,2,2,4,4,3,3,3,4
"2063",3,2,2,2,2,2,3,4,3
"1300",4,2,2,4,4,3,3,4,4
"1764",3,2,2,4,3,3,3,5,4
"1410",5,1,3,1,2,3,3,5,5
"25",2,2,2,1,3,1,1,5,5
"1463",5,2,1,1,2,2,1,6,4
"2223",1,1,1,1,1,1,1,1,1
"1213",6,3,6,3,3,3,2,2,4
"1020",3,2,2,3,2,2,2,2,2
"1627",2,1,1,3,2,3,1,3,3
"1563",4,3,2,2,3,3,1,3,3
"1769",4,1,1,4,2,3,2,1,2
"1969",2,1,1,2,2,2,1,5,5
"581",2,2,1,2,2,2,3,2,2
"1799",4,2,1,3,2,3,3,5,3
"1346",3,3,3,2,1,2,3,3,3
"1569",3,1,1,2,1,2,4,3,5
"1159",3,1,1,3,2,2,1,5,6
"231",1,1,1,1,1,2,2,2,1
"713",3,1,1,1,1,1,1,1,1
"869",4,1,1,1,1,1,3,1,1
"2044",3,1,5,3,1,3,2,1,4
"1726",6,2,2,4,3,2,3,3,3
"973",1,1,1,1,1,1,1,2,4
"1850",3,2,2,2,3,5,3,3,2
"922",2,1,2,3,3,3,2,2,2
"2092",3,1,3,2,3,2,3,5,5
"1871",3,3,3,3,4,3,3,5,4
"1059",2,2,2,3,4,4,3,3,3
"1609",4,1,1,2,1,1,3,3,3
"2239",2,2,2,2,3,1,1,2,4
"761",5,1,1,2,3,2,1,3,3
"432",2,2,2,3,1,3,1,3,3
"2277",5,5,1,2,4,2,2,2,3
"1274",3,2,1,3,3,2,1,1,3
"108",2,2,6,4,4,4,3,4,3
"1757",6,1,1,3,1,3,3,3,3
"1915",2,1,2,2,2,2,2,2,2
"864",5,2,2,1,2,3,1,2,2
"2395",3,2,1,2,2,1,1,3,2
"2034",3,1,1,3,1,2,2,3,2
"1415",6,1,2,2,2,2,1,2,3
"117",4,1,1,1,1,1,1,1,1
"2257",3,3,1,3,2,3,3,3,2
"2185",3,3,2,1,1,1,3,6,3
"1927",3,2,1,2,3,2,2,5,5
"1301",4,4,4,1,1,1,2,2,2
"1224",3,1,1,3,2,2,1,4,4
"2352",3,1,3,2,2,2,3,3,3
"170",1,3,2,1,2,1,2,2,1
"2212",3,1,2,3,3,2,2,3,3
"860",5,3,2,3,3,4,1,5,6
"1923",4,3,3,2,3,2,3,6,5
"351",1,1,1,1,2,1,1,1,1
"1626",1,1,1,3,3,4,1,3,2
"1173",2,2,2,2,2,2,2,2,2
"494",3,3,2,3,3,3,3,3,3
"1121",4,1,1,3,3,1,1,2,1
"668",1,1,1,1,3,3,3,3,2
"1749",1,2,1,2,3,2,3,6,1
"890",6,1,2,3,4,2,1,2,6
"529",1,2,2,4,1,1,3,1,2
"329",5,1,1,1,1,1,4,3,4
"1494",5,1,1,1,3,2,6,1,2
"546",3,1,3,2,2,3,4,2,2
"2370",3,1,3,2,1,1,1,1,1
"2279",4,3,5,3,2,3,1,4,3
"1935",1,1,2,3,4,5,2,4,3
"764",2,2,3,2,3,2,2,2,3
"1045",3,1,3,2,4,3,1,3,1
"1681",2,2,1,2,4,2,3,4,4
"317",2,3,3,4,2,2,2,3,3
"762",2,1,6,2,4,3,6,5,6
"1919",4,1,1,3,4,2,2,3,4
"118",3,1,3,2,2,2,2,2,2
"179",4,1,4,3,4,4,4,3,3
"2226",1,1,1,1,1,1,1,1,1
"1266",5,1,2,2,3,5,3,4,4
"2166",2,2,1,2,2,3,2,3,1
"2011",6,1,1,1,1,1,1,1,3
"1894",3,3,6,4,4,3,1,4,5
"1866",4,2,6,2,1,1,1,3,5
"276",3,1,1,2,2,2,3,4,3
"2129",2,2,3,2,2,2,3,3,4
"1997",6,1,2,3,3,3,4,5,3
"735",2,2,3,1,3,1,1,1,1
"1538",5,1,2,1,1,2,4,4,5
"51",1,1,1,1,1,1,1,1,1
"2097",1,2,1,1,1,1,1,2,2
"177",1,1,2,5,5,4,1,6,1
"739",2,2,2,2,1,2,4,4,2
"601",3,2,3,4,4,3,2,2,3
"810",3,1,2,2,3,2,2,4,2
"2064",2,3,2,3,3,3,3,3,3
"1942",5,3,4,4,4,3,2,2,5
"154",3,3,3,2,1,1,2,3,3
"2204",2,3,3,3,1,3,1,1,1
"124",3,3,2,2,1,2,2,3,3
"1724",1,1,3,1,1,1,3,6,5
"1332",4,3,2,5,3,2,5,4,2
"1070",2,1,2,2,2,2,2,2,2
"422",1,1,1,3,3,3,1,2,4
"2295",3,1,1,2,3,3,1,3,4
"1209",6,1,1,1,1,1,3,3,3
"1281",3,1,2,2,1,1,2,3,4
"1537",4,1,1,2,4,2,3,4,4
"1781",3,1,1,1,1,2,3,2,5
"1383",2,1,4,5,5,4,1,1,1
"2173",1,2,2,2,2,1,1,2,2
"60",4,1,1,2,1,1,1,3,2
"2068",2,2,2,2,3,2,2,4,3
"2206",1,1,1,2,4,2,2,5,3
"1285",3,2,1,4,2,1,1,2,5
"17",5,1,1,4,1,3,1,3,4
"1760",4,2,3,4,3,2,3,5,5
"2359",3,1,1,1,1,1,1,3,1
"614",3,3,3,1,1,2,3,4,3
"1767",5,1,4,5,3,4,2,3,4
"1913",4,2,3,2,2,3,4,5,2
"1637",5,3,3,3,2,3,2,5,2
"337",3,1,2,1,1,2,3,1,2
"648",2,1,1,4,3,3,2,3,3
"1454",5,1,2,3,2,1,1,3,3
"116",3,1,1,1,3,2,5,5,5
"1137",6,1,3,3,3,1,1,2,2
"1469",1,2,3,2,2,3,3,3,3
"606",1,5,6,3,3,3,1,3,5
"1339",6,1,1,3,1,1,3,6,5
"553",3,2,2,3,4,3,2,4,4
"1920",3,2,2,3,3,3,3,2,5
"956",2,2,2,1,1,2,1,1,1
"1037",2,2,2,2,2,2,2,2,6
"211",4,1,4,2,4,2,4,3,4
"1944",3,1,1,2,3,1,2,3,4
"541",5,2,1,3,4,2,3,5,4
"1151",1,2,5,1,3,2,1,1,2
"769",1,1,1,1,3,2,3,3,4
"474",3,3,5,4,4,3,3,3,3
"2199",3,2,2,1,3,2,2,1,2
"234",3,2,2,3,4,3,3,3,3
"224",1,1,6,3,4,3,2,5,3
"801",1,1,1,1,1,1,1,1,1
"2124",2,2,4,2,2,4,3,3,2
"1631",6,2,6,4,5,2,4,4,4
"52",5,2,2,2,2,2,3,3,3
"400",3,1,1,1,1,1,3,2,2
"1310",6,1,1,1,2,1,1,1,3
"1717",3,3,6,3,4,2,2,3,2
"1056",5,1,1,1,2,1,1,2,2
"631",4,1,2,3,3,2,2,3,3
"2380",1,1,2,2,1,2,1,3,2
"1752",3,2,1,3,2,2,3,3,2
"1453",4,2,3,3,3,3,2,3,3
"140",1,1,5,2,2,4,2,4,4
"527",4,2,1,2,3,4,1,2,2
"1856",4,2,5,2,2,3,2,2,4
"1250",4,5,5,4,4,3,3,5,3
"542",3,1,3,2,1,1,1,1,3
"350",4,3,6,4,4,4,2,3,4
"89",2,2,1,3,5,3,3,4,1
"2391",5,5,5,5,5,5,5,5,5
"1079",5,1,2,1,2,1,2,5,6
"531",2,2,6,3,3,1,1,3,5
"1811",2,1,2,1,1,1,5,5,4
"1400",5,2,3,3,4,2,3,4,4
"373",1,1,1,2,4,2,3,4,3
"952",1,4,3,4,4,2,1,2,4
"7",6,1,6,1,2,2,5,5,3
"2318",3,2,2,2,1,1,2,3,1
"1497",2,2,2,2,5,1,1,2,1
"405",2,2,1,2,1,2,2,2,2
"889",4,2,2,3,2,2,2,6,4
"909",5,1,1,3,6,3,3,6,6
"1225",2,3,3,4,3,3,5,2,4
"2172",2,2,2,1,2,1,2,1,1
"2300",2,1,1,3,1,1,1,2,2
"2113",3,2,2,3,4,2,4,4,5
"1549",2,1,1,5,5,4,2,5,4
"498",2,1,1,3,2,3,2,5,4
"2039",6,1,6,3,1,1,1,1,1
"1197",5,1,2,2,1,2,1,4,3
"149",4,1,1,2,3,2,1,2,3
"2",1,1,2,1,2,1,2,2,2
"1690",4,1,2,3,5,2,2,3,2
"840",5,3,4,1,2,2,3,3,4
"2107",5,2,5,2,2,3,1,4,2
"2122",6,1,3,2,1,1,1,1,1
"126",6,1,1,1,1,1,1,1,1
"2162",1,1,1,1,1,1,5,4,2
"1693",3,1,1,3,3,1,6,5,5
"1313",5,2,6,5,5,3,3,6,6
"2222",3,3,3,3,3,3,2,4,5
"517",2,3,6,3,3,2,4,4,3
"703",3,2,2,2,4,6,4,3,5
"885",1,3,3,3,4,2,1,6,4
"1822",5,1,2,3,4,2,2,2,2
"22",6,1,1,2,2,2,1,3,4
"40",2,3,2,1,3,3,2,3,2
"1506",1,2,1,1,1,1,2,1,3
"1005",5,1,2,1,2,1,2,4,3
"1437",3,1,3,3,3,4,4,4,5
"2096",2,2,3,2,3,2,3,3,4
"1661",6,3,3,3,3,3,1,4,4
"365",1,1,1,1,1,1,1,1,1
"176",4,1,6,2,1,5,2,5,2
"2005",3,1,3,3,3,2,2,3,3
"367",5,1,2,4,4,4,1,4,3
"2016",5,3,2,3,2,1,3,3,4
"2121",1,1,1,1,1,1,1,1,1
"718",3,1,1,1,1,1,1,2,2
"1635",4,3,5,3,4,4,4,5,4
"1579",2,2,2,1,1,1,1,4,4
"817",3,2,1,1,1,1,1,5,1
"1851",3,3,4,2,3,4,1,3,4
"2301",4,2,1,4,1,3,1,2,4
"1168",1,1,1,5,6,5,1,6,1
"918",4,1,3,5,4,4,3,3,3
"2194",2,1,2,3,1,3,2,3,2
"1492",6,1,2,2,1,3,4,3,6
"1729",5,1,1,1,1,1,3,4,3
"1840",3,2,3,1,3,1,2,1,3
"1567",2,2,2,2,2,2,3,4,3
"783",3,3,3,2,3,3,3,3,3
"874",1,1,1,1,1,1,1,1,1
"1",5,3,3,5,5,4,2,3,3
"210",3,3,4,1,3,3,1,1,1
"319",2,3,6,2,3,2,1,3,4
"730",1,3,2,4,2,1,3,4,3
"419",6,2,6,4,4,4,1,6,3
"2328",4,1,2,3,1,1,2,3,5
"936",2,1,1,3,4,4,4,3,3
"2325",3,3,2,4,4,3,2,4,3
"1053",1,1,1,1,6,2,1,1,1
"2118",4,1,1,2,2,5,4,2,1
"583",2,2,3,3,3,3,3,3,3
"1282",3,1,1,1,2,1,1,2,3
"1899",3,2,2,3,3,2,3,3,4
"1270",4,1,1,1,1,1,1,6,4
"934",2,2,2,2,3,4,3,1,1
"848",3,1,1,3,4,3,1,1,3
"1962",1,3,2,4,3,3,3,2,2
"876",1,1,1,4,3,3,1,2,1
"362",2,2,1,2,1,1,2,1,5
"955",3,2,1,3,1,2,2,3,3
"2136",1,2,2,2,2,3,2,2,1
"1335",3,1,1,3,2,3,1,4,3
"39",3,1,1,2,5,3,2,3,3
"2021",1,1,1,3,4,3,2,2,4
"2036",2,1,1,4,3,3,3,4,2
"1787",1,1,1,1,1,1,1,1,1
"78",3,2,3,1,1,1,1,1,1
"1550",4,1,1,3,2,2,2,3,3
"2213",6,1,1,1,1,1,3,2,6
"1765",2,2,6,1,1,1,1,2,6
"143",2,1,1,3,3,3,3,2,4
"644",3,3,3,3,3,3,3,3,3
"1502",1,1,1,1,1,1,1,6,1
"1619",4,1,1,2,1,2,1,4,4
"1462",1,1,1,4,4,2,5,3,3
"920",1,3,3,3,3,2,4,4,3
"1984",6,2,3,3,2,3,2,3,3
"1392",4,2,2,3,3,2,5,5,5
"1499",5,1,2,3,3,1,1,4,4
"1795",4,1,1,3,4,4,1,6,3
"443",1,2,2,1,1,2,3,2,1
"1457",3,1,1,1,2,1,1,2,4
"187",4,1,1,2,4,1,2,4,3
"344",4,2,4,2,3,4,4,4,3
"722",5,2,2,5,3,3,2,2,2
"223",2,1,1,2,3,1,2,1,2
"1010",2,1,1,4,3,3,2,2,2
"1366",1,1,6,2,3,1,1,1,4
"2100",1,3,2,2,2,2,2,2,3
"128",3,1,1,6,5,1,2,5,1
"972",3,4,5,2,2,3,3,2,1
"1326",4,1,1,2,1,1,1,3,2
"984",4,2,3,2,2,2,2,3,2
"1381",3,1,1,2,3,3,3,1,3
"1666",4,1,1,1,1,1,1,1,1
"58",3,1,1,3,3,4,1,2,2
"1776",6,2,3,3,3,4,1,2,4
"2157",1,1,2,1,1,2,3,2,3
"1614",3,1,6,5,4,3,3,3,5
"843",3,2,3,2,2,1,1,4,6
"1256",5,2,3,1,3,1,2,1,3
"1742",4,2,5,2,2,2,3,4,4
"879",6,1,2,3,2,2,1,3,3
"2012",3,1,3,2,1,3,2,5,3
"2171",4,2,4,3,3,3,4,4,4
"795",5,2,3,4,6,4,2,4,3
"1632",4,1,1,2,4,3,1,5,4
"985",4,2,2,3,2,1,1,3,2
"1150",4,1,5,5,2,5,2,3,1
"1460",1,1,2,3,3,2,3,3,5
"845",5,1,2,2,3,3,3,3,4
"260",1,1,1,2,1,1,4,4,4
"1587",3,3,6,1,1,1,6,4,6
"832",2,1,2,2,2,2,1,1,1
"882",2,1,2,2,1,2,1,1,1
"2385",6,1,1,1,1,1,2,3,6
"958",3,1,4,2,2,3,5,3,4
"213",3,1,6,1,1,2,1,3,5
"322",1,1,1,2,2,2,1,1,2
"873",5,2,4,3,3,3,3,5,3
"1198",2,3,2,3,1,2,4,3,3
"1072",1,5,5,1,5,1,1,5,5
"2363",6,4,4,4,4,2,2,4,3
"1277",1,1,1,4,2,2,3,2,3
"2210",4,1,1,2,2,2,3,3,5
"476",5,1,1,1,2,1,2,4,2
"137",4,3,5,3,2,3,3,4,4
"1147",2,2,5,1,2,2,6,2,6
"1578",2,1,2,4,3,2,2,5,2
"2238",2,2,2,2,2,2,3,3,3
"1391",5,2,2,2,2,2,2,4,3
"2266",3,3,3,3,3,3,3,4,3
"948",2,2,3,2,1,3,2,1,3
"2247",3,2,2,2,1,2,2,2,2
"1892",5,2,2,2,3,3,2,5,4
"987",1,1,1,1,1,1,1,1,1
"2017",4,1,1,3,2,1,1,3,3
"1505",1,1,1,1,1,1,2,1,1
"1555",3,3,6,2,3,2,3,3,4
"1934",5,3,3,2,2,1,1,1,4
"2228",5,1,1,1,1,2,1,2,2
"380",6,3,3,3,1,2,1,5,4
"1940",1,3,2,2,2,3,1,3,3
"1790",5,2,3,3,4,2,3,5,4
"1939",6,1,1,1,1,1,2,1,3
"1039",5,1,1,3,2,2,1,3,3
"745",3,1,3,4,4,2,5,2,4
"1134",3,1,2,5,3,4,2,3,3
"122",4,2,2,4,4,4,2,5,3
"2184",1,2,1,1,1,2,2,2,2
"1385",2,1,1,2,2,3,1,4,3
"1128",4,3,4,3,3,3,3,4,3
"1775",4,1,2,1,1,1,4,4,4
"1089",3,1,1,3,2,3,2,3,4
"194",5,1,2,2,2,2,1,3,2
"220",3,3,3,4,4,4,2,3,4
"1429",1,2,3,3,2,2,3,3,3
"1848",4,1,2,4,2,3,3,3,4
"1683",3,1,1,2,2,2,3,5,3
"328",3,2,2,2,4,3,2,3,3
"2292",2,1,1,2,2,2,3,1,2
"691",6,6,1,1,1,1,1,1,1
"932",6,1,1,2,2,2,2,1,3
"1376",5,2,2,2,3,2,1,4,3
"1148",3,2,3,2,3,3,3,5,3
"1451",3,1,3,1,1,2,2,4,3
"1181",4,2,4,3,4,3,3,3,4
"727",2,3,2,2,3,3,1,2,3
"630",1,1,1,1,1,3,1,2,2
"56",3,2,2,2,2,2,2,3,4
"1427",5,1,1,1,1,2,1,5,4
"1925",5,1,1,4,4,4,1,4,4
"507",3,1,1,1,1,1,1,5,2
"1484",4,1,3,2,3,1,1,6,3
"1535",3,1,1,2,3,2,3,4,2
"48",1,1,2,1,1,3,1,1,5
"1055",1,1,1,1,1,1,1,1,1
"1183",4,2,4,3,3,2,3,1,4
"461",1,1,3,1,2,3,3,2,2
"2168",2,3,1,2,2,3,1,1,3
"2274",2,2,2,3,3,2,2,3,2
"241",1,2,2,2,3,4,1,6,3
"1748",4,2,3,2,5,2,5,6,5
"854",1,1,1,4,3,1,3,3,3
"1667",6,2,3,3,3,4,4,5,5
"397",1,4,1,3,3,3,1,1,1
"100",1,3,1,2,1,2,2,3,3
"1938",3,1,2,4,2,3,4,4,4
"897",4,1,1,2,1,1,2,3,1
"990",3,1,1,4,3,4,6,2,3
"558",3,1,1,3,3,2,2,4,3
"92",1,2,1,4,2,3,2,1,1
"1508",4,1,1,2,1,2,1,4,1
"394",1,3,6,5,5,3,2,6,6
"699",3,5,3,4,3,2,4,4,2
"811",2,1,1,3,5,3,3,3,3
"301",3,1,3,3,2,2,3,2,4
"2167",5,1,1,1,1,1,2,1,4
"401",5,1,1,5,5,3,1,6,2
"1093",4,1,1,3,4,1,2,2,5
"1903",5,3,2,1,1,1,2,3,4
"446",4,3,4,3,4,3,3,4,4
"178",2,2,6,3,3,3,3,3,3
"1682",4,4,6,1,1,1,3,6,6
"2362",1,1,1,2,2,2,2,2,4
"868",1,1,4,2,3,2,1,4,3
"716",2,2,2,4,3,3,3,3,3
"1967",5,1,1,3,5,3,3,2,3
"299",3,2,1,2,1,2,2,2,2
"1800",4,3,1,2,1,3,1,3,4
"982",1,1,1,1,1,1,1,1,1
"1999",5,2,3,4,3,3,3,3,5
"375",3,1,2,2,2,2,3,3,2
"1195",3,1,2,2,1,1,1,2,3
"572",4,2,2,2,3,1,2,3,2
"858",5,5,5,5,5,5,5,5,5
"820",6,1,1,3,3,1,6,6,3
"1187",1,1,3,1,3,5,1,3,5
"57",2,2,2,1,3,1,2,2,4
"578",3,1,1,1,3,2,1,2,2
"1251",4,3,6,2,2,2,5,5,5
"655",1,1,1,1,1,1,1,1,1
"911",4,1,4,2,1,2,3,4,3
"1620",1,3,3,1,1,3,1,1,6
"1276",1,1,1,3,2,4,3,3,6
"85",2,3,2,3,3,3,3,4,4
"835",5,2,3,2,2,2,1,6,4
"1841",5,3,4,3,2,3,3,3,4
"939",3,2,3,3,3,3,3,4,4
"1766",3,2,1,5,3,3,3,3,3
"1206",1,1,1,1,1,1,1,6,5
"2148",2,1,3,3,2,3,2,4,3
"674",1,1,1,1,1,1,1,1,1
"577",3,2,3,3,2,3,2,1,3
"485",5,1,2,3,4,2,3,2,2
"186",5,1,1,3,3,2,1,2,3
"2111",5,1,1,2,1,1,1,3,5
"1651",6,2,4,3,4,4,4,5,4
"1554",6,1,1,2,2,3,2,1,1
"2088",1,1,1,3,2,2,2,3,4
"173",2,2,5,2,2,2,2,3,2
"2379",1,1,1,3,2,3,1,2,1
"1565",5,1,1,1,1,2,4,5,4
"1638",4,1,1,2,1,2,1,3,3
"132",6,6,6,6,6,6,3,2,5
"160",3,1,1,2,1,1,1,3,1
"2154",1,1,1,1,1,1,1,1,1
"696",3,3,3,3,3,3,3,3,3
"1131",1,1,1,2,2,3,2,2,3
"2082",3,2,2,2,3,1,2,5,5
"1745",4,1,1,1,1,1,1,1,2
"1029",1,1,2,3,1,2,1,3,2
"899",1,1,1,1,1,1,1,6,4
"459",2,2,1,4,1,4,1,4,2
"2299",3,1,2,2,2,1,1,1,2
"1629",5,1,1,2,2,2,5,5,5
"41",4,3,6,3,4,4,4,4,3
"1192",3,1,1,1,1,1,2,2,4
"441",1,2,4,5,2,1,2,2,3
"2396",4,1,1,5,2,4,2,2,3
"580",2,1,4,4,3,3,1,3,3
"2218",4,1,1,3,3,2,3,3,2
"1679",1,2,2,2,2,1,6,5,6
"994",3,3,3,2,3,3,2,3,2
"2087",4,3,3,2,1,1,2,3,3
"894",5,1,1,3,4,3,2,3,3
"815",3,4,4,4,2,1,4,3,1
"807",3,1,1,1,1,1,1,1,1
"451",3,1,3,2,2,2,1,4,2
"1194",3,3,1,2,2,2,2,4,2
"1634",3,3,1,1,1,1,1,1,1
"2055",4,2,2,3,2,3,2,4,3
"2133",2,1,1,2,1,1,2,1,2
"1258",4,1,3,3,2,2,1,2,3
"104",2,1,2,1,1,1,1,2,2
"1654",5,1,2,5,5,4,2,4,3
"206",3,1,2,2,2,2,1,4,3
"1971",5,1,1,2,2,3,2,2,5
"942",5,1,5,2,2,2,1,4,4
"1789",6,2,3,4,2,4,2,5,4
"2216",3,1,2,4,4,4,3,3,4
"226",2,2,2,3,3,3,3,3,3
"200",5,1,1,4,4,3,5,1,4
"232",3,3,3,1,1,1,1,5,1
"803",4,1,2,4,3,3,1,5,3
"192",5,2,3,1,3,3,3,3,2
"2215",1,1,1,2,2,2,1,1,1
"557",4,2,3,3,3,3,2,3,3
"11",3,2,4,2,2,3,2,3,2
"1708",5,1,1,3,2,2,4,5,3
"981",3,3,3,3,3,3,3,3,3
"289",1,1,1,2,2,2,2,3,4
"1639",1,1,1,3,2,2,1,1,1
"793",3,1,1,1,1,1,1,4,1
"2061",3,1,5,5,4,3,1,5,4
"2250",3,1,3,1,1,3,1,1,2
"602",6,2,3,3,5,3,3,5,2
"1125",1,1,1,1,1,1,1,1,1
"734",2,2,1,1,2,1,3,1,1
"2253",5,1,1,1,1,2,2,1,1
"157",2,2,2,2,2,2,2,2,3
"1141",4,2,2,3,5,2,2,3,2
"1014",4,3,3,2,4,3,2,3,4
"1179",6,4,4,3,4,3,4,2,4
"406",1,1,1,1,1,1,1,1,2
"1521",5,1,3,2,3,2,2,3,5
"1424",4,3,2,4,3,3,2,4,4
"2207",2,1,3,4,4,3,1,6,3
"516",3,1,1,1,2,1,2,1,3
"1157",5,3,2,2,5,4,4,6,3
"1770",2,2,3,4,4,3,2,3,3
"1710",1,2,2,3,3,2,1,5,2
"1472",5,3,2,3,2,4,1,5,4
"3",5,3,2,3,5,4,1,4,3
"1618",6,1,5,1,1,3,2,2,4
"1716",1,1,2,2,2,1,3,2,3
"2049",2,2,2,3,3,1,2,3,2
"1994",4,1,1,3,1,2,1,4,3
"2306",2,3,1,4,3,2,1,1,3
"1447",3,1,3,3,1,1,3,3,3
"64",1,1,4,2,4,2,2,5,5
"1602",1,1,1,1,3,1,1,1,4
"1574",4,1,1,1,1,1,2,4,3
"1992",2,1,1,2,1,3,2,6,3
"779",3,3,3,3,3,3,3,3,3
"1839",3,1,3,1,1,3,3,3,3
"4",2,1,1,2,2,2,1,1,2
"218",1,1,2,2,1,2,2,3,3
"2388",1,1,1,1,1,1,1,1,1
"484",1,3,1,1,1,1,1,1,2
"454",6,1,1,3,2,1,1,6,5
"1604",5,5,6,2,4,5,2,6,3
"857",4,2,4,1,1,1,1,2,4
"2026",4,1,1,1,1,1,2,3,3
"1356",4,1,1,3,5,4,1,2,3
"1952",2,2,1,5,3,2,1,3,3
"1077",4,2,5,4,6,4,5,5,5
"1290",6,1,3,1,2,3,3,5,2
"138",5,2,2,5,4,4,3,4,4
"2098",3,1,2,3,2,2,3,5,3
"827",3,1,2,2,3,2,3,6,5
"101",3,1,4,1,1,1,1,1,1
"1858",1,1,2,2,1,2,2,3,6
"1153",5,2,3,2,1,2,3,4,4
"1585",1,1,6,1,1,1,6,6,1
"1189",5,2,4,3,4,3,4,3,4
"1406",4,1,2,1,2,1,3,6,6
"1949",5,1,1,4,1,3,3,3,4
"660",2,5,1,2,4,2,2,3,5
"209",3,3,5,2,2,2,1,3,4
"1719",5,2,3,2,2,3,3,4,5
"509",5,4,5,3,4,6,6,4,1
"438",4,2,1,2,4,3,1,6,4
"584",4,2,3,3,3,3,2,3,2
"312",2,1,1,1,2,2,2,2,2
"2332",5,1,2,3,2,1,1,1,3
"235",2,2,2,2,2,2,2,2,2
"652",1,3,2,5,5,4,2,4,5
"1912",4,1,1,3,2,1,2,1,3
"1669",5,2,2,2,1,2,5,5,6
"692",3,3,1,3,2,3,1,4,3
"2197",2,1,1,1,1,2,5,2,2
"54",5,2,2,2,2,2,2,2,2
"1060",3,2,1,2,2,2,4,3,3
"335",6,1,3,3,4,5,2,6,5
"410",2,1,1,3,4,3,1,1,2
"1166",4,1,2,2,3,1,2,3,5
"2241",3,1,2,4,4,4,3,3,3
"2340",4,3,4,3,4,3,3,4,4
"573",3,2,4,3,2,2,2,1,3
"708",2,2,1,3,2,2,2,2,2
"152",4,1,2,2,2,2,2,2,2
"515",6,1,1,6,1,1,1,5,2
"1593",1,1,1,1,1,1,3,2,2
"653",4,1,1,2,3,4,1,4,2
"465",2,2,3,2,2,3,5,3,6
"1205",1,1,1,1,1,1,1,1,1
"1922",5,3,5,4,3,2,5,6,5
"1869",1,1,1,2,2,2,1,3,2
"2323",2,1,1,3,3,1,1,1,1
"962",2,2,3,1,1,2,2,2,1
"1334",2,1,1,3,3,2,2,2,4
"846",6,1,1,1,1,1,5,2,4
"1232",5,2,3,3,3,3,2,3,4
"667",5,2,3,3,2,3,1,2,2
"2182",2,1,2,2,1,2,2,2,2
"499",3,3,4,3,4,4,3,4,3
"1688",3,1,2,3,3,2,1,1,1
"1675",2,2,5,4,4,3,2,5,4
"1165",1,1,1,1,1,1,2,3,3
"2155",2,1,2,1,2,1,1,2,2
"2010",2,2,1,3,3,2,2,2,2
"1514",3,2,1,2,2,2,1,3,3
"1678",2,2,2,3,3,2,1,4,5
"1231",3,1,1,4,3,3,1,3,3
"1278",2,1,2,2,1,1,1,1,4
"9",6,1,1,1,1,1,1,3,3
"802",2,2,4,3,3,3,3,3,4
"780",3,3,2,3,3,3,2,2,2
"1116",1,1,1,1,1,1,1,1,1
"849",1,2,1,1,1,1,1,2,2
"2106",4,2,2,4,5,3,3,5,3
"2367",1,1,1,1,1,1,1,1,1
"1644",4,2,3,2,2,2,2,4,5
"1208",3,1,1,3,1,1,2,2,3
"195",5,2,2,2,3,3,2,4,4
"1207",6,1,3,3,2,3,4,2,6
"1012",2,1,1,5,5,3,2,5,3
"1175",3,3,3,3,3,4,3,3,3
"191",6,1,1,2,3,2,2,6,6
"822",1,1,1,1,2,1,1,2,1
"80",5,1,1,2,1,2,2,5,3
"1252",3,2,2,2,3,2,2,3,2
"296",4,6,1,2,4,2,1,4,1
"1534",3,1,2,3,3,2,2,3,5
"2251",2,1,1,1,2,2,3,3,3
"1272",3,1,1,2,2,2,3,3,2
"372",4,4,4,3,3,3,2,4,3
"1107",2,1,3,1,5,6,3,6,5
"1797",3,1,3,2,2,1,4,4,3
"264",3,1,3,3,3,3,2,3,2
"1154",4,3,3,3,3,4,3,4,3
"785",5,1,1,2,2,1,1,1,2
"1142",1,1,1,1,1,1,5,5,5
"1305",2,1,2,3,1,3,3,4,5
"1560",4,2,2,3,4,1,3,5,4
"2309",2,2,3,2,2,1,2,2,2
"669",6,6,4,2,1,2,1,1,2
"2283",1,2,1,2,2,2,1,4,1
"489",4,1,1,1,2,2,4,3,2
"1384",5,1,2,4,2,3,2,1,2
"1713",2,2,4,3,4,4,2,4,4
"637",1,1,1,1,1,1,1,1,1
"590",1,1,1,5,5,4,1,6,1
"278",1,2,2,2,4,3,2,4,4
"165",3,4,5,1,1,2,1,6,3
"10",5,2,4,3,3,3,3,4,3
"457",6,1,1,1,1,1,6,1,6
"520",4,2,2,2,3,2,3,3,3
"1924",5,2,3,2,3,2,3,3,3
"818",4,3,2,2,3,4,2,2,2
"238",6,1,1,3,6,5,4,3,1
"618",3,3,3,2,2,2,2,1,4
"1926",3,1,1,4,1,1,1,1,1
"403",2,2,2,2,3,2,2,3,1
"1806",4,1,1,1,3,3,1,3,3
"2085",1,1,1,1,1,1,1,3,3
"1810",3,3,4,4,4,2,2,5,3
"1859",3,3,6,3,3,3,4,3,4
"466",3,2,2,2,2,2,2,2,5
"760",1,1,2,3,4,3,1,2,3
"1228",4,3,2,5,2,3,2,3,4
"1362",6,5,4,3,2,3,6,5,6
"1995",1,1,1,1,1,1,1,3,3
"490",1,1,2,3,1,1,4,1,2
"700",5,2,2,1,2,1,1,2,4
"717",4,2,2,4,4,2,3,3,2
"544",1,1,1,1,1,1,1,1,1
"1255",1,1,1,2,2,2,1,2,4
"1303",6,2,3,3,3,3,3,2,5
"2355",2,2,2,2,2,2,2,2,2
"1215",2,1,1,2,1,1,1,2,2
"1831",5,2,3,2,2,5,3,5,3
"915",5,1,1,2,2,2,1,5,1
"352",1,1,1,3,3,3,3,3,3
"1768",2,1,5,2,2,1,2,2,6
"20",5,1,5,2,2,2,2,2,1
"1986",4,2,3,2,3,3,2,3,5
"464",4,5,3,1,2,2,2,4,2
"838",3,3,3,2,3,5,2,4,3
"569",3,3,2,2,6,1,1,2,1
"102",1,1,1,1,1,1,1,1,1
"1707",3,1,1,4,3,3,1,4,4
"2289",4,2,3,3,4,2,1,2,3
"816",2,6,3,1,1,2,3,5,4
"1443",2,1,1,2,2,2,1,3,1
"1547",4,1,1,3,2,2,1,5,2
"657",3,2,2,4,4,4,2,3,2
"2024",3,3,2,5,4,3,1,3,3
"1032",6,1,5,2,2,2,2,3,2
"424",6,1,1,2,6,2,1,3,2
"1321",2,1,2,2,3,2,2,2,2
"1203",3,3,3,3,3,3,2,3,4
"2293",4,1,1,3,1,2,1,2,1
"162",2,2,6,3,4,4,3,4,3
"1519",6,2,1,3,3,3,3,4,4
"345",2,1,1,1,1,2,4,2,2
"94",4,1,1,3,3,2,3,3,3
"1054",4,1,3,3,2,1,3,1,4
"1073",5,1,1,2,2,2,1,1,4
"888",1,1,1,1,1,1,1,1,1
"96",2,1,1,1,1,1,1,3,4
"1174",4,1,1,3,2,3,1,3,3
"1430",2,1,1,4,5,2,2,4,2
"1887",3,1,1,1,1,1,1,1,2
"144",2,2,2,2,2,2,2,2,2
"1900",2,1,1,2,2,3,2,2,3
"1877",1,2,2,1,3,2,1,6,6
"1413",5,1,4,2,4,2,2,5,3
"622",4,1,1,1,1,1,1,1,3
"251",3,3,6,3,3,2,2,3,3
"966",3,4,4,3,4,3,1,6,3
"1445",4,2,2,4,4,3,4,5,4
"91",2,2,2,1,1,2,3,2,3
"1738",5,2,2,4,3,4,3,5,4
"293",4,2,1,3,2,2,2,3,2
"904",5,5,2,1,1,1,1,1,2
"1257",5,1,1,3,4,3,3,5,5
"1136",3,1,3,2,5,3,5,4,3
"1612",1,1,1,2,2,1,2,1,2
"291",5,2,2,3,4,2,2,5,5
"2314",1,1,1,1,1,1,1,1,1
"715",6,3,1,2,1,3,2,3,3
"1989",3,1,5,2,4,2,2,5,5
"998",3,3,3,3,3,3,3,3,3
"974",1,3,4,3,3,2,2,1,2
"970",6,2,2,5,5,4,1,3,2
"1963",3,2,2,4,4,2,2,3,5
"2110",4,1,1,1,5,1,2,1,3
"1600",4,1,4,1,4,2,2,4,2
"242",1,1,1,2,1,1,1,1,1
"615",3,1,1,3,3,4,2,3,4
"1817",3,4,6,3,3,3,5,5,4
"2142",3,1,2,3,3,4,2,3,2
"1823",3,2,6,2,2,2,6,5,6
"1085",4,1,1,1,2,1,2,3,2
"1966",2,2,1,3,3,3,2,3,3
"1155",4,2,3,2,2,3,1,1,1
"73",3,3,3,2,2,2,3,4,3
"798",2,4,2,3,3,2,2,3,2
"639",3,2,2,3,2,2,2,2,3
"595",4,3,2,3,1,1,3,3,3
"663",4,1,1,2,2,2,1,4,2
"723",1,2,1,2,2,1,1,3,3
"297",1,1,1,1,1,1,1,1,1
"732",1,1,1,2,1,1,1,1,1
"2177",3,1,1,3,1,2,2,3,3
"1284",2,1,3,1,1,1,1,2,2
"2169",3,1,1,3,3,1,1,3,2
"886",5,3,3,2,2,2,3,2,3
"705",3,1,2,1,2,2,2,2,2
"288",2,1,2,2,3,2,2,2,2
"598",3,1,1,1,2,2,1,1,1
"1186",3,3,3,3,3,3,3,3,3
"1503",3,3,2,3,3,2,1,1,3
"184",3,3,3,3,5,5,2,3,3
"666",2,2,1,2,3,2,1,2,3
"1139",1,1,1,1,1,1,1,1,1
"38",6,3,6,4,3,4,2,2,4
"1723",5,1,2,2,1,2,2,1,5
"131",4,3,4,3,2,2,1,4,2
"929",4,1,1,3,3,3,1,4,2
"1133",3,3,3,2,2,3,3,3,3
"1050",1,1,2,2,1,2,1,2,2
"2384",2,2,2,2,2,2,2,2,2
"1480",4,1,1,3,2,3,2,3,4
"1961",5,2,3,3,2,2,3,5,3
"259",6,1,1,3,6,1,2,5,5
"742",3,2,4,4,5,6,3,2,4
"677",2,2,2,4,3,3,3,4,4
"612",3,1,1,2,2,3,1,2,3
"2369",3,3,3,1,3,4,2,1,3
"1624",1,1,1,1,1,1,1,3,1
"633",1,1,1,1,1,1,1,1,1
"701",1,1,1,1,1,1,1,1,1
"1468",5,2,1,1,1,2,3,3,2
"473",3,2,1,2,3,4,3,3,3
"1423",2,1,1,1,2,1,1,4,4
"524",3,2,3,2,3,2,1,2,3
"1271",4,1,1,3,1,1,1,3,1
"2288",3,1,1,3,4,1,1,2,2
"1937",4,2,2,3,3,3,2,3,3
"588",4,4,4,4,3,3,3,3,3
"246",4,1,1,1,3,1,1,1,1
"945",3,2,3,3,1,2,2,3,1
"586",3,1,4,3,2,3,2,3,3
"839",4,5,2,1,1,4,2,2,4
"1351",6,1,3,1,1,2,2,2,3
"1885",6,2,1,3,3,2,1,3,3
"1102",4,1,1,2,2,1,1,2,3
"856",4,3,2,2,2,3,3,3,4
"1641",6,1,2,2,2,2,4,3,5
"190",3,1,3,2,2,2,1,4,3
"1446",3,1,2,2,1,2,1,2,4
"1982",5,2,6,4,5,3,2,5,3
"1466",3,2,1,4,1,3,2,4,3
"659",5,3,4,2,3,3,2,3,3
"744",2,1,2,4,3,5,1,3,3
"197",2,2,1,1,1,2,2,2,2
"208",5,1,1,2,3,3,1,4,4
"1872",6,3,6,3,3,3,4,4,4
"2149",3,1,5,4,4,5,3,5,3
"228",3,3,3,2,2,2,3,4,4
"386",1,1,2,2,4,3,5,5,5
"2371",1,1,1,1,1,1,1,1,1
"181",1,1,1,3,2,2,3,3,5
"2269",2,2,1,2,2,2,3,2,2
"2004",5,1,1,4,4,2,1,5,3
"2071",5,1,1,2,2,3,2,3,4
"155",2,1,1,2,3,2,2,2,4
"357",3,4,1,1,1,3,1,2,2
"2320",4,2,1,3,3,2,3,3,4
"1596",3,3,6,3,2,4,3,3,4
"1104",3,4,3,4,3,6,3,4,3
"2104",2,2,3,3,3,3,3,3,3
"943",2,1,3,2,2,3,2,3,3
"1570",5,5,4,3,4,2,6,6,6
"2258",2,1,2,1,3,2,2,2,4
"2043",4,1,1,2,3,4,1,6,5
"658",1,1,1,3,3,3,1,3,3
"412",6,3,1,4,5,6,2,2,2
"1721",3,2,4,1,1,1,5,5,4
"356",2,1,1,3,4,3,1,3,2
"1647",3,1,1,1,3,1,3,4,3
"1442",4,1,1,2,3,2,1,2,2
"1659",1,1,6,1,1,1,1,6,6
"1222",5,3,5,2,3,3,3,5,4
"1711",1,1,3,1,4,3,3,6,3
"1968",4,1,1,3,1,3,2,3,4
"109",4,2,3,3,3,2,3,3,3
"526",2,2,3,3,1,2,3,2,2
"2236",3,3,2,2,2,1,2,2,1
"1199",5,1,1,1,2,1,1,4,3
"1035",5,2,2,3,3,4,3,6,4
"1586",1,2,3,5,4,2,1,6,5
"912",5,2,6,3,2,2,1,2,3
"123",2,2,2,3,3,3,2,2,2
"55",2,3,4,4,4,6,1,3,6
"283",2,1,1,2,2,3,1,6,5
"766",5,2,5,3,4,3,1,5,3
"127",2,1,5,3,2,3,1,4,4
"1930",6,3,4,2,3,3,1,5,2
"1279",5,2,2,2,2,1,3,5,3
"1955",4,1,1,2,1,2,1,3,2
"409",4,4,2,2,2,2,2,3,2
"1676",5,2,2,2,2,2,3,2,3
"2073",2,1,1,2,3,2,1,2,2
"2102",3,2,1,1,2,2,3,3,2
"1210",1,1,1,4,3,2,1,3,3
"185",5,1,1,2,2,3,4,3,4
"1493",3,1,1,1,1,1,2,2,3
"2365",1,1,1,1,1,1,1,1,1
"70",3,1,3,3,4,3,1,3,2
"969",1,1,3,2,1,1,1,3,3
"68",5,2,1,3,3,6,4,4,3
"2050",6,1,1,2,3,3,2,6,6
"2373",4,1,2,3,1,1,2,4,3
"1374",2,1,2,3,2,3,3,5,3
"1172",1,1,1,4,3,2,2,1,3
"1566",4,1,1,4,4,3,3,4,3
"1979",6,1,1,1,1,1,1,4,1
"477",2,1,1,5,2,2,2,5,2
"964",4,6,3,5,6,3,3,3,5
"2261",1,1,1,1,1,1,1,1,1
"49",5,2,1,3,5,2,1,4,5
"1957",4,1,1,4,3,3,1,2,3
"1081",2,1,2,2,1,1,2,2,2
"1991",5,1,3,4,4,3,1,2,4
"825",2,2,2,2,2,2,2,2,2
"1119",4,2,3,2,2,2,2,3,4
"946",3,3,3,3,3,3,3,3,3
"582",5,1,2,3,4,3,3,3,3
"391",6,1,1,1,1,1,1,1,1
"1327",1,1,1,2,4,3,3,3,3
"1315",4,2,2,3,3,2,3,4,4
"1847",5,1,2,3,1,1,1,4,4
"719",4,3,2,2,1,4,2,1,2
"2156",3,2,4,2,3,1,2,2,3
"1160",2,2,2,5,3,2,2,6,4
"2174",1,2,2,1,1,2,2,2,2
"1875",3,1,1,2,2,2,1,1,4
"2134",1,1,1,1,2,1,3,2,2
"2015",3,1,3,4,2,1,5,5,5
"1452",3,1,1,2,3,1,3,4,6
"2316",2,3,3,2,2,2,2,3,2
"2052",4,1,3,3,3,2,3,3,3
"1798",5,1,1,1,2,1,1,3,4
"168",2,2,2,2,2,2,2,2,2
"1551",2,2,2,3,3,2,2,5,5
"2319",2,1,1,2,2,2,1,2,2
"487",5,1,1,1,1,1,3,3,3
"29",3,3,3,3,3,3,4,3,4
"2140",1,1,3,1,3,1,1,4,3
"2229",2,2,2,2,2,2,2,2,2
"2037",5,1,1,3,1,2,4,3,4
"836",2,1,2,1,3,3,2,2,1
"2186",1,4,3,3,5,2,3,4,4
"597",4,2,2,2,3,4,1,3,2
"2393",6,1,1,2,2,2,2,1,5
"2031",4,1,1,4,1,2,2,5,3
"1630",3,1,2,1,4,2,4,2,4
"2372",4,2,1,1,2,2,3,3,3
"1489",6,3,6,4,3,5,6,6,6
"995",3,3,3,3,3,3,3,3,3
"925",3,1,1,1,1,1,1,1,1
"702",1,2,2,2,2,2,2,2,2
"2383",3,2,3,3,2,2,3,4,4
"460",4,1,1,3,1,2,1,2,1
"136",2,4,2,2,1,1,2,4,4
"608",1,1,4,1,1,1,1,6,1
"1652",2,3,2,4,3,3,3,3,4
"983",4,2,2,3,4,3,1,3,5
"2324",3,1,1,2,1,2,3,2,3
"878",4,1,2,3,3,4,3,3,4
"664",2,4,2,5,2,3,2,2,2
"536",2,2,3,2,2,3,3,3,3
"877",3,1,3,1,2,2,1,2,3
"273",1,1,2,1,2,1,2,1,2
"1696",3,2,3,3,3,3,1,4,3
"1100",1,1,1,1,1,1,1,1,1
"571",5,1,2,2,3,2,1,3,3
"16",3,1,1,1,3,3,1,3,3
"1754",2,1,1,2,3,2,3,3,3
"2290",2,1,1,4,3,3,1,1,1
"690",4,1,1,1,1,1,2,5,3
"895",6,1,1,1,2,3,1,1,2
"893",3,4,1,6,4,5,2,3,4
"748",2,1,2,4,2,1,1,1,2
"2235",3,3,3,2,2,2,3,3,3
"1735",5,1,1,3,4,2,1,5,2
"1475",4,1,4,3,4,1,2,2,4
"1111",1,1,1,3,3,3,2,3,3
"488",2,2,2,2,2,2,2,2,2
"21",2,2,2,3,2,3,2,4,3
"1516",2,3,4,4,4,4,3,4,4
"1352",2,1,1,2,2,2,1,4,4
"1069",3,2,5,4,4,3,2,5,5
"2201",2,2,2,2,2,2,2,2,2
"1086",5,1,1,2,2,2,2,2,2
"2165",3,3,5,4,3,4,3,4,3
"279",1,1,3,3,2,1,3,1,5
"1372",4,3,1,1,1,2,2,5,5
"926",3,2,2,3,2,4,2,4,5
"1825",1,3,3,2,1,1,1,5,1
"255",2,1,1,2,3,1,4,3,3
"37",3,1,1,2,4,2,1,4,2
"1337",2,1,3,3,4,4,4,4,4
"551",1,1,1,1,1,6,1,1,1
"2105",4,1,3,1,3,1,1,3,1
"1455",1,1,3,3,2,3,3,3,5
"1402",5,2,5,2,3,3,4,4,2
"1526",5,1,3,3,5,2,2,3,5
"1419",5,1,1,2,1,1,1,1,2
"1105",3,3,3,3,3,3,3,3,3
"1523",3,2,3,3,2,1,1,3,2
"1959",3,2,1,2,3,2,3,3,3
"76",1,1,6,2,2,2,1,1,5
"307",2,1,1,4,4,4,3,4,5
"66",1,1,1,1,1,1,1,1,1
"398",1,1,6,1,1,2,1,2,2
"1849",4,1,4,1,2,1,3,5,6
"2103",1,1,3,1,1,1,1,1,1
"1819",3,2,6,3,5,3,2,5,5
"205",2,2,3,2,2,2,3,4,3
"1182",4,2,3,3,2,2,2,6,4
"497",3,2,3,2,2,2,2,2,4
"1896",5,1,3,2,2,2,3,3,4
"1479",1,1,2,2,3,2,2,3,2
"560",4,1,2,1,1,1,2,1,2
"2108",3,2,3,3,2,1,1,2,2
"2339",1,1,1,1,1,1,1,2,4
"1380",5,1,1,4,5,2,1,3,4
"69",2,2,2,3,2,2,4,4,4
"790",4,5,5,6,1,2,2,1,6
"79",2,2,2,2,2,2,3,3,3
"1747",3,2,2,4,3,3,2,4,3
"1018",3,1,1,2,1,1,1,3,4
"1456",3,2,5,3,2,2,2,5,5
"63",2,2,1,1,2,1,2,1,2
"896",3,4,4,3,3,2,2,3,3
"2276",3,1,3,2,2,1,1,3,3
"1680",3,1,1,2,2,1,2,3,3
"675",1,1,1,1,1,1,1,1,1
"587",2,1,1,2,3,3,1,5,3
"1702",3,1,4,3,3,2,3,4,4
"1649",3,1,1,3,2,2,3,3,4
"395",2,1,1,1,2,1,1,4,3
"1950",3,2,2,1,2,2,3,4,3
"327",2,3,2,1,1,2,1,1,2
"1844",1,1,1,2,2,2,1,2,1
"171",2,2,2,3,1,1,2,2,2
"2249",6,1,1,1,1,1,1,1,6
"528",4,1,1,2,1,1,1,3,1
"1044",3,3,1,2,3,3,2,1,4
"1958",4,1,1,1,4,1,1,4,5
"1101",1,1,1,2,2,2,2,4,4
"1311",4,1,1,1,1,1,1,1,1
"1628",6,1,1,1,1,1,1,1,1
"1990",1,1,1,1,1,1,1,1,1
"749",1,1,1,1,1,1,1,1,1
"759",2,1,2,2,2,2,2,2,1
"50",1,1,1,2,3,3,2,3,3
"158",6,1,1,2,6,3,1,1,6
"2394",1,2,1,1,2,1,3,2,1
"693",3,2,1,1,2,1,2,1,2
"90",6,2,4,3,3,3,1,5,3
"917",4,1,1,3,4,3,3,6,4
"774",6,6,6,6,1,6,1,6,6
"2327",4,2,1,2,2,1,3,4,3
"1556",6,1,2,2,2,2,1,1,2
"1880",6,1,1,3,5,3,1,2,6
"1084",4,2,4,3,3,2,4,3,3
"1873",3,1,1,1,1,1,2,3,5
"392",2,3,3,1,2,2,1,4,2
"2217",4,1,2,1,1,2,6,4,4
"865",3,3,3,3,3,3,3,2,3
"1331",3,1,6,2,3,1,5,5,5
"695",3,1,2,2,2,1,1,3,3
"1302",2,1,1,4,4,1,3,6,6
"1465",2,2,4,4,4,3,4,4,4
"113",3,3,3,3,3,3,3,3,3
"227",1,3,3,3,2,2,3,2,3
"1902",3,2,2,3,3,2,2,3,2
"1878",2,1,2,3,2,1,2,3,3
"2059",2,1,3,3,1,3,3,6,3
"576",4,1,1,2,4,2,2,2,3
"97",2,1,2,1,2,2,4,5,3
"1820",1,1,1,3,3,2,3,2,2
"2220",2,2,2,1,2,2,2,2,3
"1709",1,1,1,1,1,1,1,1,1
"387",3,1,2,2,1,3,3,1,2
"1591",4,2,4,2,2,3,2,5,3
"471",2,1,4,2,1,3,1,5,3
"1695",5,1,1,4,2,2,3,6,5
"343",3,3,3,3,3,3,3,3,3
"199",2,1,2,2,3,2,2,2,1
"914",5,1,2,2,1,3,1,4,3
"325",3,3,3,3,3,3,4,3,3
"1473",3,2,2,3,3,3,2,4,5
"2311",6,1,1,1,1,1,1,2,2
"166",3,2,2,3,3,3,2,3,2
"805",6,1,1,3,3,2,1,4,2
"1152",2,1,1,2,6,3,1,2,3
"1024",1,1,1,3,1,1,3,3,1
"462",1,1,1,3,1,2,1,4,1
"855",4,3,3,5,2,6,2,2,3
"808",6,1,1,2,2,2,1,2,2
"709",3,2,6,5,4,2,2,5,3
"1273",5,1,1,1,2,2,3,5,3
"1956",6,2,3,1,6,2,1,5,5
"1401",4,1,2,3,2,3,4,5,4
"336",2,3,2,3,3,3,1,3,2
"686",2,3,3,3,3,2,2,5,5
"585",4,1,1,2,2,2,1,1,4
"1813",1,1,1,2,3,2,2,5,3
"1796",4,3,3,2,2,2,1,3,3
"1692",2,2,2,2,3,2,2,4,3
"2131",5,1,1,2,2,2,1,1,1
"19",5,3,5,2,3,2,2,2,4
"482",2,1,1,1,3,2,1,3,4
"346",4,1,1,2,1,2,1,2,2
"445",2,3,1,2,3,2,2,1,2
"449",1,2,1,1,6,2,2,6,6
"1889",6,1,1,1,3,3,6,3,2
"2163",2,1,2,2,3,3,1,1,1
"189",3,3,6,1,3,2,1,4,5
"594",5,6,2,1,1,1,1,1,5
"1718",4,2,4,2,2,3,3,2,3
"2054",3,4,5,3,3,2,2,4,2
"204",1,2,2,1,3,3,2,2,2
"2291",4,1,1,3,3,4,3,1,3
"2381",1,1,1,2,2,2,1,3,2
"1964",4,1,4,6,5,3,4,2,3
"1328",3,2,1,2,2,1,2,3,4
"1297",5,3,1,1,1,1,1,2,4
"1573",2,1,3,3,2,2,3,1,5
"954",1,1,1,3,3,3,1,2,2
"366",3,3,3,3,2,3,3,4,3
"1425",3,2,3,1,1,1,3,6,6
"2219",2,2,1,1,1,2,2,2,2
"1928",5,1,1,3,3,2,3,4,3
"665",5,1,3,1,1,2,1,1,2
"376",4,1,1,1,2,2,3,3,4
"1812",5,1,2,3,2,3,2,1,5
"1743",5,1,1,3,4,3,6,2,4
"1259",1,1,1,2,2,3,2,3,5
"2033",4,1,3,1,2,1,2,3,4
"831",3,3,3,3,3,3,3,3,3
"1432",1,1,1,3,2,3,5,1,4
"621",2,1,3,3,2,4,2,4,3
"1805",2,1,3,2,2,2,1,2,3
"1622",3,2,2,4,4,3,3,3,4
"1845",5,3,3,4,4,3,2,3,4
"2272",1,1,1,1,1,1,1,1,1
"2192",5,2,3,3,2,2,1,3,4
"638",4,1,1,2,2,3,1,3,2
"901",5,3,5,3,4,4,2,5,5
"112",1,1,1,1,1,1,1,1,1
"1002",4,1,1,2,3,3,2,3,4
"2003",6,1,6,1,4,1,1,5,3
"1416",2,2,6,3,4,2,1,3,3
"2112",1,1,2,1,1,1,1,2,3
"1590",6,1,1,2,2,2,5,4,3
"2234",2,2,3,3,2,2,3,3,1
"1739",1,4,4,2,2,2,1,3,4
"67",4,2,6,3,4,2,2,6,4
"188",2,2,1,1,2,2,2,2,2
"183",4,1,1,3,1,3,1,3,4
"32",3,1,1,1,1,2,1,3,4
"202",2,2,3,4,3,2,1,1,4
"1348",4,1,1,3,3,3,3,3,4
"755",1,1,2,3,3,2,2,4,2
"447",4,1,1,1,1,2,1,1,1
"1753",4,1,1,2,2,2,2,5,3
"1382",4,1,3,2,1,3,3,4,5
"1434",1,1,1,3,5,3,1,2,2
"253",1,1,1,1,2,2,1,2,1
"225",3,3,3,4,3,2,1,3,4
"2072",3,2,2,3,2,2,3,3,3
"609",6,1,1,2,1,1,1,1,3
"174",2,2,2,3,5,3,3,3,3
"643",4,1,3,2,2,2,1,3,3
"1244",3,2,2,2,2,2,2,4,2
"2028",5,1,3,2,2,1,1,3,5
"863",3,1,1,1,3,1,3,1,3
"1082",3,1,1,2,3,1,1,2,2
"1243",3,3,3,2,1,2,2,2,1
"338",3,3,4,5,2,4,2,5,3
"1491",5,1,1,3,3,1,2,3,2
"1254",3,1,3,1,1,1,4,4,3
"1947",5,1,2,4,2,2,3,3,4
"1821",4,2,2,2,2,2,3,6,6
"1388",4,2,2,4,3,3,3,4,2
"46",6,1,2,2,2,2,3,4,2
"1204",6,6,3,6,6,3,3,6,5
"1607",6,1,1,2,2,1,1,6,2
"1733",2,2,3,5,5,5,1,3,3
"203",2,3,3,2,2,2,1,3,3
"1444",4,1,6,2,2,3,3,3,3
"1124",4,2,3,4,4,3,2,2,4
"1852",2,2,2,2,2,3,4,3,3
"651",2,1,1,2,2,1,3,3,3
"1108",6,1,1,4,6,3,2,3,5
"881",3,3,2,2,3,3,2,4,4
"1042",2,1,1,2,2,2,1,3,3
"1358",1,1,1,3,4,3,3,5,6
"1759",3,1,5,2,3,3,2,3,5
"2058",5,2,2,2,2,2,2,3,3
"1836",2,1,2,1,3,2,3,3,4
"635",4,3,6,3,2,4,2,4,4
"559",5,1,3,2,2,3,1,2,2
"300",2,1,1,4,1,1,3,2,3
"2390",2,2,2,2,4,2,3,4,4
"1098",6,6,6,1,2,1,1,2,2
"148",4,3,3,4,3,3,3,3,3
"1409",6,1,2,3,3,3,1,4,6
"1022",3,1,3,1,1,1,3,3,3
"120",1,1,1,2,2,1,1,1,4
"971",2,2,2,3,2,2,3,4,3
"1653",6,1,2,2,3,1,1,6,2
"415",3,1,1,1,2,1,3,4,1
"685",3,2,1,4,6,1,1,1,3
"1420",3,1,1,2,3,3,2,4,5
"469",3,1,3,3,2,2,3,3,1
"661",6,1,1,2,1,1,1,1,1
"71",4,3,1,2,4,3,3,3,2
"81",1,1,1,1,4,4,1,1,3
"1855",6,2,5,3,3,1,1,3,4
"1226",4,3,3,3,1,2,2,3,4
"1594",6,1,1,1,5,1,1,6,1
"1977",1,1,1,1,1,1,1,2,1
"1582",5,1,1,5,5,1,1,5,5
"1983",4,1,1,3,3,2,1,6,3
"1496",3,1,1,3,4,3,2,2,3
"1621",3,1,1,2,1,1,1,5,2
"2032",2,2,1,1,1,1,1,1,2
"1013",1,1,1,1,1,1,1,1,1
"967",2,2,3,3,3,3,2,4,2
"681",2,2,3,2,2,3,2,2,4
"161",3,3,1,2,1,3,1,4,4
"1234",3,1,1,1,1,3,1,1,3
"1645",2,3,4,1,1,1,2,4,3
"1737",4,4,4,2,2,2,2,2,2
"1440",5,1,1,1,1,2,6,2,3
"14",1,1,6,1,3,1,3,3,1
"673",2,1,1,1,1,2,2,2,2
